id,valence,arousal
5,-0.6,-0.7
19,0.5,0.5249999999999999
84,0.6000000000000001,0.0
179,-0.375,0.4750000000000001
192,0.07499999999999996,0.875
299,0.30000000000000004,-0.5
379,0.825,0.875
564,-0.050000000000000044,0.8
573,0.5249999999999999,0.5249999999999999
683,0.4750000000000001,-0.525
755,0.25,0.02499999999999991
789,-0.75,-0.30000000000000004
815,-0.375,-0.42500000000000004
825,0.675,0.07499999999999996
926,-0.025000000000000022,-0.5
